Name,Code,KTNR,pop_1971,pop_1972,pop_1973,pop_1974,pop_1975,pop_1976,pop_1977,pop_1978,pop_1979,pop_1980,pop_1981,pop_1982,pop_1983,pop_1984,pop_1985,pop_1986,pop_1987,pop_1988,pop_1989,pop_1990,pop_1991,pop_1992,pop_1993,pop_1994,pop_1995,pop_1996,pop_1997,pop_1998,pop_1999,pop_2000,pop_2001,pop_2002,pop_2003,pop_2004,pop_2005,pop_2006,pop_2007,pop_2008,pop_2009,pop_2010,male_1971,male_1972,male_1973,male_1974,male_1975,male_1976,male_1977,male_1978,male_1979,male_1980,male_1981,male_1982,male_1983,male_1984,male_1985,male_1986,male_1987,male_1988,male_1989,male_1990,male_1991,male_1992,male_1993,male_1994,male_1995,male_1996,male_1997,male_1998,male_1999,male_2000,male_2001,male_2002,male_2003,male_2004,male_2005,male_2006,male_2007,male_2008,male_2009,male_2010,female_1971,female_1972,female_1973,female_1974,female_1975,female_1976,female_1977,female_1978,female_1979,female_1980,female_1981,female_1982,female_1983,female_1984,female_1985,female_1986,female_1987,female_1988,female_1989,female_1990,female_1991,female_1992,female_1993,female_1994,female_1995,female_1996,female_1997,female_1998,female_1999,female_2000,female_2001,female_2002,female_2003,female_2004,female_2005,female_2006,female_2007,female_2008,female_2009,female_2010,ch_1971,ch_1972,ch_1973,ch_1974,ch_1975,ch_1976,ch_1977,ch_1978,ch_1979,ch_1980,ch_1981,ch_1982,ch_1983,ch_1984,ch_1985,ch_1986,ch_1987,ch_1988,ch_1989,ch_1990,ch_1991,ch_1992,ch_1993,ch_1994,ch_1995,ch_1996,ch_1997,ch_1998,ch_1999,ch_2000,ch_2001,ch_2002,ch_2003,ch_2004,ch_2005,ch_2006,ch_2007,ch_2008,ch_2009,ch_2010,foreign_1971,foreign_1972,foreign_1973,foreign_1974,foreign_1975,foreign_1976,foreign_1977,foreign_1978,foreign_1979,foreign_1980,foreign_1981,foreign_1982,foreign_1983,foreign_1984,foreign_1985,foreign_1986,foreign_1987,foreign_1988,foreign_1989,foreign_1990,foreign_1991,foreign_1992,foreign_1993,foreign_1994,foreign_1995,foreign_1996,foreign_1997,foreign_1998,foreign_1999,foreign_2000,foreign_2001,foreign_2002,foreign_2003,foreign_2004,foreign_2005,foreign_2006,foreign_2007,foreign_2008,foreign_2009,foreign_2010
Zürich,ZH,01,1095970,1105059,1114833,1121746,1120920,1113369,1108193,1108513,1112562,1118083,1122327,1125747,1126172,1125765,1127543,1129863,1134022,1139026,1143193,1147719,1147108,1154533,1159711,1164968,1171646,1176775,1179858,1184242,1192727,1204738,1217923,1233748,1245216,1255473,1266827,1277958,1295444,1319769,1341658,1359712,533344,537979,542256,544146,540577,536101,534815,535819,538872,541902,544281,546534,545345,546713,547698,549182,551861,554517,556636,560148,558886,562346,564483,567942,571350,573426,575124,578481,584523,591815,599920,607378,611854,618367,624329,630306,643621,657619,667498,676545,566388,572416,577020,580079,577045,573025,572451,573955,576484,578913,579559,581125,579345,580135,580550,582302,584705,586977,588263,590398,592832,595731,597600,600625,604107,605422,606490,609128,614046,619832,627011,633934,638039,643443,648261,653746,663946,675108,683799,692277,901687,904839,907394,910145,912576,915597,919133,927621,934276,938303,937908,938859,937551,939975,941702,943295,944201,944287,942558,940488,932357,930576,929501,928909,929406,930884,932481,936093,941082,948582,957271,965615,972210,979665,987385,998574,1007725,1019182,1031109,1042179,198045,205556,211882,214080,205046,193529,188133,182153,181080,182512,185932,188800,187139,186873,186546,188189,192365,197207,202341,210058,219361,227501,232582,239658,246051,247964,249133,251516,257487,263065,269660,275697,277683,282145,285205,285478,299842,313545,320188,326643
Bern / Berne,BE,02,911504,915295,918886,921623,919847,913958,910141,908722,908540,909915,912885,916534,919149,920724,922167,924159,927107,930665,934969,941466,946166,951691,955142,941534,941923,941492,939872,939977,942363,943647,945269,948042,950866,953778,956341,958095,961056,966253,971902,976362,447443,449063,450179,451030,447515,444186,442994,442113,442070,442941,444769,446719,447396,448142,448785,450015,451621,453386,456070,460329,461760,463391,464868,457375,457197,456691,455641,457061,458067,458075,459189,460995,462314,464190,465140,466394,468845,472281,474903,476994,465744,468346,470191,471852,469303,466918,466190,466154,466750,468075,469984,471604,472584,473334,474078,475448,477137,479191,481295,485244,488010,490067,491749,484372,484755,484237,483006,484083,485360,485621,487121,488595,489643,491188,491924,492503,494137,497018,499332,501254,825606,827789,829546,831074,831919,832958,834207,837254,840739,842423,844733,847217,848981,850117,851114,852620,853806,855119,856735,857873,856094,856312,855350,839229,837006,834693,831688,832936,832850,831291,831659,833706,834863,836955,838352,841188,843052,845650,847153,848523,87581,89620,90824,91808,84899,78146,74977,71013,68081,68593,70020,71106,70999,71359,71749,72843,74952,77458,80630,87700,93676,97146,101267,102518,104946,106235,106959,108208,110577,112405,114651,115884,117094,118423,118712,117709,119930,123649,127082,129725
Luzern,LU,03,288775,290995,292952,294415,294229,292900,292377,292509,292908,293808,295400,297487,299417,301240,303072,305016,307436,310250,313298,317180,323854,329046,333602,336649,339223,341162,342345,343077,344286,346267,348236,350941,352514,353938,355542,357734,361272,366089,370817,374648,143268,144191,144962,145411,144397,143773,143770,143946,144202,144876,145748,146854,147698,148592,149467,150586,151812,153339,154865,157370,161163,163817,165680,166845,168001,168566,169144,169109,170072,170804,172241,173141,173880,174698,175548,176858,179284,182087,184187,185963,146632,147901,148852,149606,149044,148585,148626,148674,148995,149545,150630,151743,152539,153653,154434,155546,156929,158422,159972,162155,165120,168013,169705,171096,172535,173243,173772,174145,175285,176405,177776,178748,179295,180033,180836,182252,184191,186655,188777,190432,261047,262297,263365,264262,264975,265682,266757,268563,269304,270013,271029,272627,273878,275286,276255,277665,279155,280799,282515,284046,287471,289479,290069,290609,291281,292045,292677,292925,293981,295025,296685,297833,298986,300195,301580,303662,306207,309007,311967,314739,28853,29795,30449,30755,28466,26676,25639,24057,23893,24408,25349,25970,26359,26959,27646,28467,29586,30962,32322,35479,38812,42351,45316,47332,49255,49764,50239,50329,51376,52184,53332,54056,54189,54536,54804,55448,57268,59735,60997,61656
Uri,UR,04,33374,33570,33788,33963,33935,33865,33935,33852,33631,33535,33497,33533,33574,33572,33554,33488,33447,33490,33528,33582,35208,35466,35646,35838,35916,35883,35823,35700,35556,35376,35100,35108,35172,35111,35093,35030,34979,35086,35260,35327,16889,17034,17142,17197,17164,17251,17400,17169,17021,16972,16920,16910,16909,16911,16852,16821,16807,16819,16842,16916,17820,17877,17946,18056,18035,18009,17962,17818,17736,17637,17544,17691,17637,17624,17717,17653,17711,17793,17957,17910,16577,16638,16761,16823,16684,16629,16588,16544,16525,16551,16551,16685,16643,16678,16665,16635,16628,16725,16669,16734,17543,17667,17781,17877,17841,17852,17807,17794,17751,17609,17448,17518,17481,17459,17370,17295,17278,17369,17378,17391,31421,31512,31557,31617,31629,31595,31603,31670,31660,31640,31532,31506,31580,31582,31494,31425,31419,31450,31358,31375,32905,32893,32903,32893,32693,32657,32631,32609,32526,32363,32236,32348,32252,32149,32118,31989,31943,31945,32005,31964,2045,2160,2346,2403,2219,2285,2385,2043,1886,1883,1939,2089,1972,2007,2023,2031,2016,2094,2153,2275,2458,2651,2824,3040,3183,3204,3138,3003,2961,2883,2756,2861,2866,2934,2969,2959,3046,3217,3330,3337
Schwyz,SZ,05,91450,92564,93621,94472,94750,94596,94658,94979,95400,96133,97058,98044,99201,100356,101470,102711,103997,105522,107237,109295,112296,114799,117285,119534,121473,123077,124447,125793,127338,129215,130032,132221,134037,135425,136729,138157,139903,142345,144176,145464,46465,47006,47458,47780,47730,47616,47728,47901,48140,48649,49127,49667,50328,50797,51440,52043,52763,53670,54545,55791,57153,58457,59634,60695,61532,62203,62820,63561,64496,65428,66137,67154,68066,68709,69551,70307,71568,73135,73657,74569,45563,46091,46684,47020,46970,46874,47096,47231,47527,47948,48392,48899,49506,50078,50623,51315,51871,52739,53518,54735,56400,57633,58894,59881,60877,61585,62329,62918,63752,64804,65127,66073,66837,67280,67971,68525,69456,70584,71029,71716,82152,82879,83545,84262,84828,85511,86040,86973,87593,88214,88817,89487,90538,91397,92375,93450,94385,95563,96702,97986,99591,100546,101494,102416,103609,104856,106042,107239,108573,110530,110890,112264,113388,113921,114851,115781,116762,118044,118574,119331,9876,10218,10597,10538,9872,8979,8784,8159,8074,8383,8702,9079,9296,9478,9688,9908,10249,10846,11361,12540,13962,15544,17034,18160,18800,18932,19107,19240,19675,19702,20374,20963,21515,22068,22671,23051,24262,25675,26112,26954
Obwalden,OW,06,24546,24770,24961,25146,25232,25244,25301,25350,25423,25610,25961,26382,26692,26930,27189,27463,27672,27823,28111,28569,29355,29971,30535,30889,31129,31368,31628,31903,32100,32312,32508,32812,33046,33144,33209,33506,33871,34207,34724,35255,12460,12581,12740,12802,12815,12828,12872,12877,12958,13079,13325,13491,13575,13696,13841,13963,14069,14122,14329,14602,14992,15242,15650,15570,15780,15790,15937,15984,16167,16235,16362,16511,16594,16598,16661,16936,17053,17231,17570,17896,12217,12281,12317,12431,12414,12429,12471,12479,12530,12652,12866,13078,13238,13350,13489,13631,13680,13774,13994,14211,14720,15005,15187,15388,15530,15650,15894,16005,16058,16179,16316,16450,16548,16564,16608,16819,16944,17198,17462,17596,23053,23186,23298,23421,23533,23637,23750,23876,23993,24136,24493,24819,25098,25333,25568,25825,25982,26101,26416,26762,27355,27658,27858,27794,28046,28212,28438,28608,28741,28898,29135,29359,29423,29450,29504,29781,29954,30153,30524,30834,1624,1676,1759,1812,1696,1620,1593,1480,1495,1595,1698,1750,1715,1713,1762,1769,1767,1795,1907,2051,2357,2589,2979,3164,3264,3228,3393,3381,3484,3516,3543,3602,3719,3712,3765,3974,4043,4276,4508,4658
Nidwalden,NW,07,25437,25768,26132,26486,26743,26941,27236,27561,27839,28153,28605,29085,29522,29960,30379,30822,31196,31484,31826,32331,34010,34603,35125,35686,36222,36628,37009,37274,37486,37825,38097,38562,38901,39282,39650,39906,40149,40507,40761,40857,13086,13248,13426,13585,13650,13769,13965,14107,14251,14411,14694,14868,15117,15298,15552,15807,15945,16098,16320,16598,17438,17680,17898,18213,18472,18580,18806,18847,18967,19157,19444,19636,19802,20011,20214,20372,20491,20744,20722,20789,12506,12693,12894,13066,13184,13277,13458,13588,13731,13910,14194,14410,14648,14855,15049,15234,15402,15521,15710,16030,16906,17186,17495,17770,17994,18214,18426,18473,18690,18843,18945,19100,19268,19486,19589,19640,19796,19993,20072,20133,23658,23995,24322,24680,25062,25383,25752,26186,26539,26882,27461,27799,28240,28634,29040,29381,29619,29854,30223,30647,32117,32296,32602,32965,33197,33475,33805,33862,34115,34455,34766,35057,35394,35760,36041,36153,36241,36434,36415,36376,1934,1946,1998,1971,1772,1663,1671,1509,1443,1439,1427,1479,1525,1519,1561,1660,1728,1765,1807,1981,2227,2570,2791,3018,3269,3319,3427,3458,3542,3545,3623,3679,3676,3737,3762,3859,4046,4303,4379,4546
Glarus,GL,08,37683,37563,37596,37603,37235,36711,36389,36174,36053,36081,36193,36224,36219,36332,36422,36500,36628,36814,37104,37452,38469,38857,39069,39276,39409,39301,38958,38725,38711,38636,38220,38282,38432,38423,38260,38142,38176,38322,38440,38540,18516,18486,18551,18485,18106,17935,17827,17721,17703,17767,17834,17774,17775,17869,17813,17951,17998,18114,18267,18455,19149,19278,19331,19413,19471,19349,19118,19091,19120,19010,18851,18927,19057,18956,18887,18890,18994,19078,19153,19340,19067,19056,19097,19071,18806,18574,18439,18360,18318,18371,18415,18422,18465,18554,18606,18629,18676,18839,18986,19193,19571,19698,19807,19975,19939,19812,19617,19607,19588,19536,19365,19395,19445,19361,19286,19194,19243,19292,19326,19228,31205,31056,30919,30794,30668,30571,30494,30531,30447,30367,30354,30186,30270,30352,30305,30349,30344,30510,30620,30746,31399,31413,31272,31293,31222,31171,30948,31029,31034,30911,30571,30680,30716,30548,30579,30678,30923,30940,30866,30769,6378,6486,6729,6762,6244,5938,5772,5550,5574,5771,5895,6010,5970,6071,6114,6231,6330,6443,6633,6902,7321,7563,7866,8095,8188,7990,7787,7669,7674,7635,7645,7642,7786,7769,7594,7406,7314,7430,7613,7799
Zug,ZG,09,68260,69472,70589,71623,72117,72292,72837,73551,74280,75185,76013,76767,77525,78421,79627,80954,82213,83105,83714,84460,85118,86447,87792,89465,91373,93035,94385,95777,97104,98541,100331,101679,102989,104409,105833,106797,108115,109729,110605,111525,33935,34524,35060,35538,35548,35668,36034,36353,36805,37308,37730,38111,38471,39107,39780,40537,41132,41496,41810,42300,42618,43247,43927,44848,45906,46578,47240,48028,48719,49589,50497,51273,51954,52852,53470,53792,54905,55609,55815,56473,34977,35505,36089,36555,36593,36774,37197,37515,37886,38369,38618,39073,39393,39871,40493,41097,41658,41923,42199,42608,43264,43818,44656,45564,46486,47159,47858,48489,49039,49799,50525,51134,51688,52392,53026,53379,54236,54775,55075,55764,58172,58975,59847,60523,61261,62122,62934,64020,64836,65552,65947,66546,67121,68007,69083,70174,70932,71230,71448,71693,71921,72358,72974,73706,75094,76255,77409,78442,79140,80041,81228,82105,82916,83832,84597,84765,85144,85097,85007,85483,10740,11054,11302,11570,10880,10320,10297,9848,9855,10125,10401,10638,10743,10971,11190,11460,11858,12189,12561,13215,13961,14707,15609,16706,17298,17482,17689,18075,18618,19347,19794,20302,20726,21412,21899,22406,23997,25287,25883,26754
Fribourg / Freiburg,FR,10,179019,181116,182511,183881,184260,183659,183276,183154,183469,184113,185199,186749,188241,189638,191418,193543,195911,198672,202248,206041,208919,212862,216819,220659,223566,226387,229088,231204,233379,235491,238850,242001,245162,248636,252290,256206,260849,265988,270949,275588,91273,92152,92494,93217,92743,92379,92020,92006,92161,92576,93300,94008,94577,95285,96230,97323,98628,100160,102327,103915,105339,107198,109311,110960,111966,113612,114506,115516,116494,117571,119121,120763,122378,124212,125984,128112,130755,133569,135904,138254,89043,89763,90612,91437,91123,91072,91079,91203,91566,91921,92601,93589,94305,95109,96210,97322,98547,100006,102001,103836,105444,107357,109393,111267,112586,114254,115441,116570,117813,118768,121218,122637,124278,126165,127970,130140,132486,134968,137255,139570,164510,165479,166284,167018,167670,168289,168910,169488,170429,170916,171910,173250,174483,175675,177245,178919,180560,182548,184797,186175,186820,188616,190477,192416,194366,196616,198428,199953,201451,202947,206190,207660,209613,212076,214262,217140,219403,222471,224802,227352,15806,16436,16822,17636,16196,15162,14189,13721,13298,13581,13991,14347,14399,14719,15195,15726,16615,17618,19531,21576,23963,25939,28227,29811,30186,31250,31519,32133,32856,33392,34149,35740,37043,38301,39692,41112,43838,46066,48357,50472
Solothurn,SO,11,222067,222581,223062,223302,222476,219930,217762,216665,216084,216228,217174,217864,217874,217977,218406,219062,219856,220859,222500,225096,230872,233772,235669,236884,238333,240055,241198,242538,243709,243994,244493,245799,246575,247128,247691,248310,249467,251076,252344,253799,109501,109984,109890,110144,109046,107628,106829,106290,106087,106405,107091,107177,107034,107140,107497,107943,108414,108969,110025,111756,115049,116096,116706,117072,118031,118646,119091,119813,119981,120079,120559,121058,121296,121565,122008,122479,123469,124483,125007,125987,112572,113102,113146,113420,112341,110842,110223,109986,109803,110158,110693,110765,110770,111008,111165,111515,111838,112495,113509,114899,117551,118782,119683,120266,121233,122131,122468,123637,123927,123936,124705,125222,125511,125814,125929,126134,126771,127347,127741,128771,190047,190182,190185,190055,190088,189904,189999,190590,191101,191075,191523,191556,191804,192215,192677,193167,193474,194060,195363,196652,199893,200782,201041,201278,201990,202745,203053,204461,204140,203688,203621,203592,203343,203234,203314,203302,203342,203509,203859,204677,32026,32904,32851,33509,31299,28566,27053,25686,24789,25488,26261,26386,26000,25933,25985,26291,26778,27404,28171,30003,32707,34096,35348,36060,37274,38032,38506,38989,39768,40327,41643,42688,43464,44145,44623,45311,46898,48321,48889,50081
Basel-Stadt,BS,12,231932,229810,228162,225678,222492,217968,213384,209915,206943,204587,202859,201631,200172,198338,196665,195100,193451,191707,190600,191068,194649,196055,196930,197142,196322,195251,193899,191696,189399,187984,186870,186515,186608,186624,186100,185139,184950,185876,187212,188595,107383,106866,105987,104586,102841,100215,98342,96770,95490,94554,93882,93707,92501,91739,90978,90150,89328,88458,88369,89424,91575,92179,92594,92467,91903,91503,90730,89714,88747,88484,87912,88203,88296,88369,87876,87598,87922,88712,89497,90384,122973,122398,121072,119711,117844,115034,113176,111539,110084,109044,108239,107432,106702,105731,104880,104190,103231,102396,101978,102363,104072,104455,104809,104587,103856,103410,102323,100791,99711,99183,98557,98516,98357,98384,97725,97224,97305,97960,98401,99047,190932,188513,185792,183328,180535,177651,174859,172894,170740,168165,166018,164429,162840,161134,159739,157962,155754,153398,151669,150113,151400,150140,149290,147773,145941,144375,142279,140242,137824,136609,134825,133730,132755,131998,130792,129234,129121,129290,128716,128341,39424,40751,41267,40969,40150,37598,36659,35415,34834,35433,36103,36710,36363,36336,36119,36378,36805,37456,38678,41674,44247,46494,48113,49281,49818,50538,50774,50263,50634,51058,51644,52989,53898,54755,54809,55588,56106,57382,59182,61090
Basel-Landschaft,BL,13,201636,205214,209195,212579,213972,213729,213802,214779,216198,217977,219514,220611,221662,222824,224232,225405,226482,227640,228592,229571,231788,232720,234007,250809,251778,253114,254592,256026,257671,259308,260350,262010,263655,264845,265696,266611,268146,270168,272003,273349,101038,103010,104871,106168,106090,105729,105949,106450,107184,108194,108647,109182,109702,110340,111098,111425,112114,112578,112870,113448,114375,114760,115588,123574,123933,124678,125344,125902,126731,127353,127814,128845,129487,129813,130163,130596,131499,132607,133448,133879,102199,104177,106330,107788,107896,107741,108187,108969,109792,110781,111406,111985,112453,113152,113874,114411,115012,115573,116160,116664,117958,118391,119322,127685,128398,129233,129961,130859,131871,132683,133269,134104,134915,135492,135926,136570,137646,138607,139367,140008,168724,170970,173008,175041,177064,179297,181639,184547,186852,188840,189680,190940,192383,193838,195442,196352,197323,197795,198102,198084,199139,198878,199017,212388,212637,213431,214354,214972,215581,216039,215765,216436,217423,218223,218793,219545,220426,220967,221119,221454,34513,36217,38193,38915,36922,34173,32497,30872,30124,30135,30373,30227,29772,29654,29530,29484,29803,30356,30928,32028,33194,34273,35893,38871,39694,40480,40951,41789,43021,43997,45318,46513,46979,47082,47296,47621,48719,50247,51696,52433
Schaffhausen,SH,14,72030,72140,72123,71951,71286,70220,69477,69119,68928,68947,69326,69673,69694,69641,69638,69713,69938,70207,70634,71324,72071,72748,73312,73748,73971,73943,73793,73736,73641,73439,73138,73542,73911,73884,73787,73821,74203,74927,75486,76013,35577,35523,35307,35132,34494,33952,33633,33483,33441,33568,33812,33792,33691,33680,33614,33686,33826,33962,34291,34680,35051,35343,35593,35745,35852,35736,35736,35657,35627,35539,35518,35903,35964,35922,35886,35994,36442,36977,37138,37432,36504,36675,36740,36721,36222,35769,35598,35523,35408,35475,35798,35943,35959,35950,36029,36095,36268,36355,36658,37017,37406,37685,37995,38149,38183,38099,38005,38068,37925,37766,37711,37931,38004,37866,37878,37872,38085,38326,38519,38913,58881,58783,58673,58489,58373,58460,58368,58507,58402,58351,58586,58693,58787,58899,59033,59126,59276,59440,59691,59889,59905,60064,60037,60007,59761,59490,59469,59424,59105,58776,58673,58843,58718,58496,58308,58216,58204,58291,58358,58754,13200,13415,13374,13364,12343,11261,10863,10499,10447,10692,11024,11042,10863,10731,10610,10655,10818,10877,11258,11808,12552,12964,13551,13887,14274,14345,14272,14301,14447,14529,14556,14991,15250,15292,15456,15650,16323,17012,17299,17591
Appenzell Ausserrhoden,AR,15,48328,48306,48256,48087,47794,47339,46996,46914,46925,47063,47444,47963,48404,48694,48972,49242,49563,50056,50606,51177,51997,52945,53767,54158,54173,54122,54073,53914,53782,53627,53315,53119,53043,52913,52711,52543,52587,52863,53059,52996,23369,23457,23495,23415,23182,22939,22873,22905,22937,23056,23300,23557,23752,23865,24105,24228,24484,24730,24988,25355,25860,26344,26658,26766,26750,26820,26808,26661,26696,26596,26394,26385,26326,26293,26137,26137,26300,26500,26593,26571,24917,24867,24692,24569,24420,24135,24043,24005,24003,24129,24402,24666,24830,24938,25035,25114,25298,25598,25894,26115,26577,27105,27429,27461,27354,27316,27203,27155,27041,26919,26744,26712,26650,26548,26424,26372,26354,26554,26450,26367,41758,41669,41557,41522,41549,41550,41557,41766,41890,41946,42259,42590,42924,43141,43419,43565,43938,44349,44778,45015,45414,45923,46254,46371,46213,46301,46300,46240,46170,45986,45873,45840,45861,45841,45908,45909,45695,45775,45693,45533,6528,6655,6630,6462,6053,5524,5359,5144,5050,5239,5443,5633,5658,5662,5721,5777,5844,5979,6104,6455,7023,7526,7833,7856,7891,7835,7711,7576,7567,7529,7265,7257,7115,7000,6653,6600,6959,7279,7350,7405
Appenzell Innerrhoden,AI,16,12970,12997,13018,13005,12935,12861,12823,12782,12757,12751,12770,12843,12959,13029,13086,13134,13139,13238,13420,13540,14181,14401,14615,14713,14748,14791,14858,14880,14907,14984,14994,14983,15000,15022,15124,15261,15388,15510,15616,15669,6481,6539,6536,6538,6492,6468,6439,6433,6433,6444,6469,6554,6636,6639,6667,6665,6676,6741,6877,6917,7259,7401,7474,7509,7489,7543,7578,7570,7603,7639,7629,7627,7677,7734,7794,7845,7935,7967,8033,8024,6480,6492,6468,6465,6373,6385,6352,6338,6309,6313,6312,6350,6378,6403,6461,6472,6464,6592,6627,6656,6992,7147,7206,7233,7261,7290,7309,7303,7343,7382,7348,7358,7333,7295,7426,7455,7536,7582,7648,7631,12038,12049,12043,12060,12017,12013,11963,11946,11913,11860,11890,11979,12039,12062,12141,12188,12199,12322,12382,12438,13023,13154,13192,13241,13234,13300,13355,13350,13409,13463,13462,13498,13544,13567,13768,13870,13961,13984,14112,14121,923,982,961,943,848,840,828,825,829,897,891,925,975,980,987,949,941,1011,1122,1135,1228,1394,1488,1501,1516,1533,1532,1523,1537,1558,1515,1487,1466,1462,1452,1430,1510,1565,1569,1534
St. Gallen,SG,17,381056,383654,386523,389067,388447,385577,384459,384800,385650,387576,390323,393027,395452,397572,399918,402572,405469,408892,412743,417491,424291,430106,434766,438730,441412,442953,443720,444247,446111,448364,451429,453934,456128,457927,459274,460781,463754,468424,472781,476093,186845,188272,189840,191011,189254,188197,188209,188583,189129,190578,191895,193505,194641,195740,197168,198581,199973,202056,204150,207019,210856,213576,215535,217385,218001,218766,218734,219405,220726,221671,223223,224359,225410,226190,226798,227905,230464,233702,235505,237179,195379,196815,198120,199168,197462,196245,196271,196540,197050,198397,199776,200882,201879,202886,204048,205350,207039,208717,210568,213249,216792,219243,221432,223359,224349,225073,225146,225486,226883,227728,229681,230892,231879,232631,233201,233905,235473,237450,239171,240567,327292,328488,329619,330737,331983,333102,334203,337086,338591,339999,340993,342547,344275,345949,347764,349258,350810,352288,354042,355661,358292,359209,359730,360231,360144,360571,359948,359936,360930,361438,363290,364206,364655,365276,366306,367092,368476,369971,371609,373951,54932,56599,58341,59442,54733,51340,50277,48037,47588,48976,50678,51840,52245,52677,53452,54673,56202,58485,60676,64607,69356,73610,77237,80513,82206,83268,83932,84955,86679,87961,89614,91045,92634,93545,93693,94718,97461,101181,103067,103795
Graubünden / Grigioni / Grischun,GR,18,156974,157695,158578,159315,159651,159540,159394,159280,159512,160523,161917,163044,163727,164393,165214,166042,166819,167524,168456,169710,175009,177882,180770,183218,184775,185702,185919,185977,186232,186554,185718,185650,186532,187535,187971,188017,188502,189779,191311,192426,77864,78341,78762,78973,78782,78654,78553,78465,78692,79335,79991,80457,80690,81148,81495,81787,82087,82510,83064,83894,87126,88645,90001,91130,91532,91980,91717,91879,91841,92156,91305,91589,92288,92784,92803,92911,93357,94407,95228,95687,79320,79863,80188,80704,80840,80803,80775,80765,81099,81918,82591,83046,83259,83688,84094,84707,85056,85394,85941,86517,89062,90634,91956,93025,93531,94019,93815,94239,94185,94588,93920,94182,94655,95028,95000,95009,95405,96052,96633,97015,138737,139422,139960,140474,140935,141509,142008,143323,144055,145424,146592,147180,147823,148630,149217,149833,150479,150894,151602,152062,156071,157096,157911,158463,159279,160304,160167,161142,161234,162142,161015,160604,161141,161591,161151,160833,160754,160840,160928,160986,18447,18782,18990,19203,18687,17948,17320,15907,15736,15829,15990,16323,16126,16206,16372,16661,16664,17010,17403,18349,20117,22183,24046,25692,25784,25695,25365,24976,24792,24602,24210,25167,25802,26221,26652,27087,28008,29619,30933,31716
Aargau,AG,19,428517,433433,438953,443572,443722,441008,440535,442365,445378,448906,453086,457183,460477,463295,466392,470421,475595,481407,487356,493342,502446,509426,515478,521044,526015,530289,532866,535284,538568,542475,546992,553056,558249,562923,567248,572094,578183,586614,595849,604196,215939,218532,220746,222599,220303,219208,219659,221044,222666,224775,227039,228787,230307,231614,233342,235600,238479,241552,244560,247700,252477,254845,258313,260298,262992,264257,265299,266272,268332,270350,273281,275986,278351,280695,283004,286017,289716,295205,299409,303602,214672,217729,220904,222901,221643,220867,221339,222695,224355,226019,228340,230205,231661,233012,234821,237085,240032,242756,245852,248580,254341,257134,260632,262816,265895,267408,268729,270190,272307,273956,277017,279796,282323,284427,286340,288796,291846,296427,300631,304697,356859,359917,362581,365496,367990,370993,374374,379360,383092,386183,389327,392153,395435,398432,401929,405644,409654,414085,417787,419891,423948,425229,427670,429195,432186,434340,436496,437705,440013,441868,444555,447356,449957,452595,454862,459409,463155,467649,471283,475774,73752,76344,79069,80004,73956,69082,66624,64379,63929,64611,66052,66839,66533,66194,66234,67041,68857,70223,72625,76389,82870,86750,91275,93919,96701,97325,97532,98757,100626,102438,105743,108426,110717,112527,114482,115404,118407,123983,128757,132525
Thurgau,TG,20,180324,181356,183100,184408,183561,181723,180962,180997,181333,182124,183775,185715,187132,188431,189929,191570,193830,196796,199996,203784,208417,211837,215127,218721,221844,224081,225099,225925,226888,227299,227847,229062,230873,232409,233658,235053,237055,240072,243322,246312,90071,90748,91648,91818,90501,89742,89538,89601,89745,90254,91355,92293,92742,93580,94376,95279,96765,98386,100025,102262,104559,105949,107854,109398,110859,111586,111800,112346,112633,112751,113043,113900,114923,115572,116301,117207,118646,120643,122340,123982,90547,91343,92460,92887,91915,91286,91357,91496,91823,92423,93517,94264,94964,95575,96323,97160,98454,99985,101595,103684,105983,107218,109275,110937,112513,113236,113595,114133,114652,114555,115163,116004,116913,117406,118031,118557,119670,121168,122465,123799,149406,149908,150410,150893,151496,152101,152726,154221,155065,155672,156969,158121,159594,161010,162340,163598,165359,167385,169351,171611,173642,174954,176546,178303,179904,181106,182058,183484,184245,184317,184859,185804,186673,187553,188689,189789,190926,191942,193511,194671,31212,32183,33698,33812,30920,28927,28169,26876,26503,27005,27903,28436,28112,28145,28359,28841,29860,30986,32269,34335,36900,38213,40583,42032,43468,43716,43337,42995,43040,42989,43347,44100,45163,45425,45643,45975,47390,49869,51294,53110
Ticino,TI,21,244064,249626,252752,254583,256788,258167,259399,261145,262808,264604,267167,269991,271705,272852,274394,276240,277933,279638,281827,284872,288495,292162,296149,300155,303782,305116,305323,305996,307442,309464,311798,314007,316408,318713,321195,323654,326801,330733,334296,337887,116336,118825,118875,120071,121154,121648,122653,123459,124416,125458,126906,127991,128393,129100,129916,130982,131770,132767,134056,135978,138424,140543,142367,144443,145996,145716,146082,146298,147419,148317,148599,150150,151356,152850,154225,155603,157656,160014,161540,164006,130839,133253,134548,135675,136678,136852,137645,138535,139208,140130,141842,143242,143785,144428,145345,146238,146877,147863,148967,150747,151576,153565,155588,157688,159203,159114,159506,159881,161079,161898,163929,165106,165959,167081,168051,169248,170924,172722,174180,175940,179774,181229,182734,184531,186482,188322,190674,194041,197312,199674,202651,204522,206041,207440,209313,211202,212638,213980,215531,216885,218321,219517,220677,221571,222416,223367,224430,225780,228171,230804,233637,236259,237962,240056,241365,243245,245786,248274,250381,251641,67401,70849,70689,71215,71350,70178,69624,67953,66312,65914,66097,66711,66137,66088,65948,66018,66009,66650,67492,69840,71679,74591,77278,80560,82783,81463,81158,80399,80327,79411,78891,78997,79353,79875,80911,81606,82794,84462,85339,88305
Vaud,VD,22,509077,514037,516654,517959,518784,516945,515897,516402,517996,520696,524445,528979,533323,537430,541644,546998,553636,561058,568574,577796,582542,590277,595000,599543,604020,606198,607451,610005,614078,618414,622158,628160,635208,643373,650862,658245,667227,680278,695030,706810,246286,248847,247950,249490,248442,247103,246847,247396,248169,249573,251855,254433,256755,258993,260994,264722,268157,272496,276297,282133,283117,285762,287556,290294,292159,292337,293169,294909,297405,299184,301829,304907,309202,313622,316932,321124,326387,334610,341638,347007,264799,268149,268368,270118,269525,268826,269025,269543,270890,272767,274697,276980,278484,280634,282673,285614,288785,292685,295676,301492,304166,307245,309180,311805,313518,314134,314984,316704,318870,321110,323151,326132,329903,333760,337161,341021,345652,353635,359888,364811,398667,400847,402900,404732,406983,408920,411349,415862,419032,421796,424062,426924,429803,432176,434568,437476,440563,443207,445466,447719,444279,446322,447102,448645,449727,449870,450857,452159,453666,455127,457604,459825,461853,463935,467453,471031,476968,482317,487907,492312,112418,116149,113418,114876,110984,107009,104523,101077,100027,100544,102490,104489,105436,107451,109099,112860,116379,121974,126507,135906,143004,146685,149634,153454,155950,156601,157296,159454,162609,165167,167376,171214,177252,183447,186640,191114,195071,205928,213619,219506
Valais / Wallis,VS,23,202990,205491,208889,211698,213062,213490,214091,214805,215695,217023,218874,221311,223881,226186,228373,231011,233971,237221,241378,246010,254907,260121,264606,268079,270369,271866,272907,273971,275104,275962,277430,279943,283230,286556,289835,293149,296648,300967,305378,309738,101125,103668,104685,105687,105838,105971,106270,106450,106965,107676,108809,110128,111384,112488,113601,114981,116276,117990,120281,122653,127114,129469,131541,132816,133523,134104,134457,134894,135321,135543,136648,138180,140095,141579,143457,144986,147184,149820,151820,154134,102618,103569,105853,107169,107427,107742,108196,108690,109284,110119,111144,112540,113710,114786,115869,117569,119114,121058,123424,125660,130616,132920,135172,136525,137768,138211,138905,139564,140311,140627,141771,143165,144913,146397,148118,149622,151396,153421,155572,157851,186961,188530,189905,191144,192311,193390,194473,195771,197751,199070,200706,202417,204081,205353,206367,207764,208972,210772,212805,214378,219950,221496,222958,224150,225111,226251,227305,228847,229775,230520,232646,234224,236213,237348,238736,240264,241519,242684,244598,247101,16782,18707,20633,21712,20954,20323,19993,19369,18498,18725,19247,20251,21013,21921,23103,24786,26418,28276,30900,33935,37780,40893,43755,45191,46180,46064,46057,45611,45857,45650,45773,47121,48795,50628,52839,54344,57061,60557,62794,64884
Neuchâtel,NE,24,166907,167173,167328,167174,165480,162603,160197,158944,158052,157321,156947,156413,155406,154756,154815,155564,156580,157191,158004,159590,160737,162160,163221,164014,164711,165232,165310,165486,165614,165683,165836,166493,166900,167473,168167,168676,169344,170349,171277,171766,80501,80312,80481,80046,78805,77222,76273,75890,75388,75128,75066,74700,74130,74217,74308,75012,75333,75592,76242,77333,77988,78445,79085,79133,79661,79632,79770,79933,81526,80155,80247,80609,80778,81157,81630,81886,82396,83099,83354,83443,86721,86809,87052,86767,85341,83836,83061,82661,82163,81963,81737,81320,80660,80502,80601,81204,81610,81844,82327,83276,83786,84136,84799,85043,85597,85600,85640,85661,84123,85576,85980,86158,86269,86753,86814,87026,87386,87825,88293,88461,132379,132073,131736,131276,131022,130492,130167,130605,130702,130444,130124,129406,128635,128425,128234,128612,128473,128386,128182,128146,127276,127491,127875,127780,127971,128291,128500,128753,128817,128602,128528,128700,128931,129457,129686,129989,130128,130331,131981,132436,34843,35048,35797,35537,33124,30566,29167,27946,26849,26647,26679,26614,26155,26294,26675,27604,28470,29050,30387,32463,34498,35090,36009,36396,37287,36941,36910,36841,36832,37129,37699,38067,38116,38453,38758,38923,39654,40593,39666,39468
Genève,GE,25,331624,334282,337755,340908,342189,341948,342333,343521,345333,348028,351011,354131,356777,359106,361308,362853,364537,368438,372185,374486,379843,382482,385583,389474,393404,394854,395457,397616,400819,405775,410715,416018,421211,425539,428855,431777,435558,441982,449548,455783,157319,158567,160513,161776,161766,161517,161932,162553,163653,165016,166474,168292,169318,171055,172148,173000,173956,176865,177735,179217,181399,182466,184489,186460,188388,187585,188740,189992,191914,194732,197169,199907,202598,204360,206010,207404,210225,214452,218181,220890,175276,177406,179028,180500,180338,180279,180944,181617,182847,184546,185987,187514,188434,189407,190009,190550,191569,194491,195284,196740,200005,201445,203117,205239,207078,207003,207919,208918,211153,214088,216449,218840,221395,223036,224628,225831,227952,231654,235111,237669,221348,222988,224334,225618,226826,227933,229213,231736,234624,236535,238499,238692,238717,239046,239227,238931,239155,238797,238814,238155,240853,241309,242250,243990,245345,246499,247456,248987,250703,254825,258536,260554,263649,265873,267803,271534,274226,276012,277814,278845,111247,112985,115207,116658,115278,113863,113663,112434,111876,113027,113962,117114,119035,121416,122930,124619,126370,132559,134205,137802,140551,142602,145356,147709,150121,148089,149203,149923,152364,153995,155082,158193,160344,161523,162835,161701,163951,170094,175478,179714
Jura,JU,26,66891,66989,67131,67162,66725,65922,65321,64939,64667,64439,64303,64378,64417,64403,64539,64679,64679,64664,64813,65321,67231,67995,68539,68865,69150,69176,69028,69033,68976,68876,68998,69067,69136,69143,69168,69273,69490,69763,70028,70200,33042,33085,33097,33053,32581,32166,31941,31747,31657,31470,31498,31542,31493,31510,31616,31642,31580,31548,31696,32119,33118,33560,33781,33961,34063,33928,33890,33948,33845,33828,33873,33952,33956,33974,33977,34047,34189,34331,34469,34549,33858,33991,34088,34084,33731,33365,33167,33020,32908,32841,32796,32918,32879,32921,33029,33069,33065,33133,33246,33578,34410,34763,34845,35018,35125,35020,35074,35047,34973,34966,35057,35122,35108,35117,35133,35245,35366,35491,35665,35615,58921,58908,58906,58767,58593,58448,58324,58357,58298,58266,58248,58337,58325,58382,58569,58674,58641,58640,58774,59094,60368,60666,60758,60910,60985,60747,60733,60714,60538,60438,60580,60789,60802,60845,61013,61239,61360,61382,61511,61507,7979,8168,8279,8370,7719,7083,6784,6410,6267,6045,6046,6123,6047,6049,6076,6037,6004,6041,6168,6603,7160,7657,7868,8069,8203,8201,8231,8281,8280,8356,8350,8285,8262,8246,8097,8053,8195,8440,8623,8657
